<?xml version="1.0" encoding="utf-8"?>
<openerp>
    <data>

        <!-- Top menu item -->
        <menuitem name="Reporting"
            id="menu_reporting"
            groups="base.group_user"
            sequence="170"/>
            <menuitem id="menu_reporting_dashboard" name="Dashboards" parent="menu_reporting" sequence="0"/>
            <menuitem id="menu_reporting_config" name="Configuration" parent="menu_reporting" sequence="100" groups="base.group_system"/>

        <!-- Top menu item -->
        <menuitem name="Settings"
            id="menu_administration"
            sequence="500"/>
            <menuitem id="menu_management" name="Modules" parent="menu_administration" sequence="0"/>
            <menuitem id="menu_config" name="Configuration" parent="menu_administration" sequence="1"/>
            <menuitem id="menu_administration_shortcut" parent="menu_administration" name="Custom Shortcuts" sequence="50"/>
            <menuitem id="menu_users" name="Users" parent="menu_administration" sequence="4"/>
            <menuitem id="menu_translation" name="Translations" parent="menu_administration" sequence="7"/>
                <menuitem id="menu_translation_app" name="Application Terms" parent="menu_translation" sequence="4" groups="base.group_no_one"/>
                <menuitem id="menu_translation_export" name="Import / Export" parent="menu_translation" sequence="3" groups="base.group_no_one"/>

            <menuitem id="menu_custom" name="Technical" parent="menu_administration" sequence="110" groups="base.group_no_one"/>
                <menuitem id="next_id_2" name="User Interface" parent="menu_custom"/>
                <menuitem id="menu_email" name="Email" parent="menu_custom" sequence="1"/>
                <menuitem id="next_id_9" name="Database Structure" parent="base.menu_custom"/>
                <menuitem id="menu_automation" name="Automation" parent="base.menu_custom"/>
                <menuitem id="menu_security" name="Security" parent="menu_custom" sequence="25"/>
                <menuitem id="menu_ir_property" name="Parameters" parent="menu_custom" sequence="24"/>

        <record model="ir.ui.menu" id="base.menu_administration">
            <field name="groups_id" eval="[(6,0, [ref('group_system'), ref('group_erp_manager')])]"/>
        </record>

        <record id="action_client_base_menu" model="ir.actions.client">
            <field name="name">Open Settings Menu</field>
            <field name="tag">reload</field>
            <field name="params" eval="{'menu_id': ref('base.menu_administration')}"/>
        </record>
        <record id="open_menu" model="ir.actions.todo">
            <field name="action_id" ref="action_client_base_menu"/>
            <field name="type">automatic</field>
            <field name="sequence">100</field>
            <field name="state">done</field>
        </record>

    </data>
</openerp>
