<?xml version="1.0" encoding="utf-8"?>
<openerp>
    <data noupdate="1">
        <!-- The Following currency rates are considered as on 1st Jan,2010 against EUR. -->
        <!-- Currencies -->
        <record id="USD" model="res.currency">
            <field name="name">USD</field>
            <field name="symbol">$</field>
            <field name="rounding">0.01</field>
            <field name="accuracy">4</field>
            <field name="position">before</field>
        </record>
        <record forcecreate="0" id="rateUSD" model="res.currency.rate">
            <field name="rate">1.2834</field>
            <field name="currency_id" ref="USD"/>
            <field name="name">2010-01-01</field>
        </record>

        <record id="VEF" model="res.currency">
            <field name="name">VEF</field>
            <field name="symbol">Bs.F</field>
            <field name="rounding">0.0001</field>
            <field name="accuracy">4</field>
        </record>
        <record forcecreate="0" id="rateVEF" model="res.currency.rate">
            <field name="rate">5.864</field>
            <field name="currency_id" ref="VEF"/>
            <field name="name">2010-01-01</field>
        </record>

        <record id="CAD" model="res.currency">
            <field name="name">CAD</field>
            <field name="symbol">$</field>
            <field name="rounding">0.01</field>
            <field name="accuracy">4</field>
        </record>
        <record forcecreate="0" id="rateCAD" model="res.currency.rate">
            <field name="rate">1.3388</field>
            <field name="currency_id" ref="CAD"/>
            <field name="name">2010-01-01</field>
        </record>

        <record id="CHF" model="res.currency">
            <field name="name">CHF</field>
            <field name="symbol">CHF</field>
            <field name="rounding">0.01</field>
            <field name="accuracy">4</field>
        </record>
        <record forcecreate="0" id="rateCHF" model="res.currency.rate">
            <field name="rate">1.3086</field>
            <field name="currency_id" ref="CHF"/>
            <field name="name">2010-01-01</field>
        </record>

        <record id="BRL" model="res.currency">
            <field name="name">BRL</field>
            <field name="symbol">R$</field>
            <field name="rounding">0.01</field>
            <field name="accuracy">4</field>
        </record>
        <record forcecreate="0" id="rateBRL" model="res.currency.rate">
            <field name="rate">2.2344</field>
            <field name="currency_id" ref="BRL"/>
            <field name="name">2010-01-01</field>
        </record>

        <record id="CNY" model="res.currency">
            <field name="name">CNY</field>
            <field name="symbol">¥</field>
            <field name="rounding">0.01</field>
            <field name="accuracy">4</field>
        </record>
        <record forcecreate="0" id="rateCNY" model="res.currency.rate">
            <field name="rate">8.7556</field>
            <field name="currency_id" ref="CNY"/>
            <field name="name">2010-01-01</field>
        </record>

        <record id="COP" model="res.currency">
            <field name="name">COP</field>
            <field name="symbol">$</field>
            <field name="rounding">0.01</field>
            <field name="accuracy">4</field>
        </record>
        <record forcecreate="0" id="rateCOP" model="res.currency.rate">
            <field name="rate">2933.8378</field>
            <field name="currency_id" ref="COP"/>
            <field name="name">2010-01-01</field>
        </record>

        <record id="CZK" model="res.currency">
            <field name="name">CZK</field>
            <field name="symbol">Kč</field>
            <field name="rounding">0.01</field>
            <field name="accuracy">4</field>
        </record>
        <record forcecreate="0" id="rateCZK" model="res.currency.rate">
            <field name="rate">26.5634</field>
            <field name="currency_id" ref="CZK"/>
            <field name="name">2010-01-01</field>
        </record>

        <record id="DKK" model="res.currency">
            <field name="name">DKK</field>
            <field name="symbol">kr</field>
            <field name="rounding">0.01</field>
            <field name="accuracy">4</field>
        </record>
        <record forcecreate="0" id="rateDKK" model="res.currency.rate">
            <field name="rate">7.4445</field>
            <field name="currency_id" ref="DKK"/>
            <field name="name">2010-01-01</field>
        </record>

        <record id="HUF" model="res.currency">
            <field name="name">HUF</field>
            <field name="symbol">Ft</field>
            <field name="rounding">0.01</field>
            <field name="accuracy">4</field>
        </record>
        <record forcecreate="0" id="rateHUF" model="res.currency.rate">
            <field name="rate">271.5621</field>
            <field name="currency_id" ref="HUF"/>
            <field name="name">2010-01-01</field>
        </record>

        <record id="IDR" model="res.currency">
            <field name="name">IDR</field>
            <field name="symbol">Rp</field>
            <field name="rounding">0.01</field>
            <field name="accuracy">4</field>
        </record>
        <record forcecreate="0" id="rateIDR1" model="res.currency.rate">
            <field name="rate">14352.00</field>
            <field name="currency_id" ref="IDR"/>
            <field name="name">2009-01-01</field>
        </record>
        <record forcecreate="0" id="rateIDR" model="res.currency.rate">
            <field name="rate">11796.39</field>
            <field name="currency_id" ref="IDR"/>
            <field name="name">2010-01-01</field>
        </record>

        <record id="LVL" model="res.currency">
            <field name="name">LVL</field>
            <field name="symbol">Ls</field>
            <field name="rounding">0.01</field>
            <field name="accuracy">4</field>
        </record>
        <record forcecreate="0" id="rateLVL" model="res.currency.rate">
            <field name="rate">0.7086</field>
            <field name="currency_id" ref="LVL"/>
            <field name="name">2010-01-01</field>
        </record>

        <record id="NOK" model="res.currency">
            <field name="name">NOK</field>
            <field name="symbol">kr</field>
            <field name="rounding">0.01</field>
            <field name="accuracy">4</field>
        </record>
        <record forcecreate="0" id="rateNOK" model="res.currency.rate">
            <field name="rate">7.8668</field>
            <field name="currency_id" ref="NOK"/>
            <field name="name">2010-01-01</field>
        </record>

        <record id="XPF" model="res.currency">
            <field name="name">XPF</field>
            <field name="symbol">XPF</field>
            <field name="rounding">1.00</field>
            <field name="accuracy">4</field>
        </record>
        <record forcecreate="0" id="rateXPF" model="res.currency.rate">
            <field name="rate">119.331742</field>
            <field name="currency_id" ref="XPF"/>
            <field name="name">2010-01-01</field>
        </record>

        <record id="PAB" model="res.currency">
            <field name="name">PAB</field>
            <field name="symbol">B/.</field>
            <field name="rounding">0.01</field>
            <field name="accuracy">4</field>
        </record>
        <record forcecreate="0" id="ratePAB" model="res.currency.rate">
            <field name="rate">1.2676</field>
            <field name="currency_id" ref="PAB"/>
            <field name="name">2010-01-01</field>
        </record>

        <record id="PLN" model="res.currency">
            <field name="name">PLN</field>
            <field name="symbol">zł</field>
            <field name="rounding">0.01</field>
            <field name="accuracy">4</field>
        </record>
        <record forcecreate="0" id="ratePLN" model="res.currency.rate">
            <field name="rate">4.1005</field>
            <field name="currency_id" ref="PLN"/>
            <field name="name">2010-01-01</field>
        </record>

        <record id="SEK" model="res.currency">
            <field name="name">SEK</field>
            <field name="symbol">kr</field>
            <field name="rounding">0.01</field>
            <field name="accuracy">4</field>
        </record>
        <record forcecreate="0" id="rateSEK" model="res.currency.rate">
            <field name="rate">10.3004</field>
            <field name="currency_id" ref="SEK"/>
            <field name="name">2010-01-01</field>
        </record>

        <record id="ARS" model="res.currency">
            <field name="name">ARS</field>
            <field name="symbol">$</field>
            <field name="rounding">0.01</field>
            <field name="accuracy">4</field>
        </record>
        <record forcecreate="0" id="rateARS" model="res.currency.rate">
            <field name="rate">5.0881</field>
            <field name="currency_id" ref="ARS"/>
            <field name="name">2010-01-01</field>
        </record>

        <record id="INR" model="res.currency">
            <field name="name">INR</field>
            <field name="symbol">₹</field>
            <field name="rounding">0.01</field>
            <field name="accuracy">4</field>
        </record>
        <record forcecreate="0" id="rateINR" model="res.currency.rate">
            <field name="rate">59.9739</field>
            <field name="currency_id" ref="INR"/>
            <field name="name">2010-01-01</field>
        </record>

        <record id="AUD" model="res.currency">
            <field name="name">AUD</field>
            <field name="symbol">$</field>
            <field name="rounding">0.01</field>
            <field name="accuracy">4</field>
        </record>
        <record forcecreate="0" id="rateAUD" model="res.currency.rate">
            <field name="rate">1.4070</field>
            <field name="currency_id" ref="AUD"/>
            <field name="name">2010-01-01</field>
        </record>

        <record id="UAH" model="res.currency">
            <field name="name">UAH</field>
            <field name="symbol">₴</field>
            <field name="rounding">0.01</field>
            <field name="accuracy">4</field>
        </record>
        <record forcecreate="0" id="rateUAH" model="res.currency.rate">
            <field name="rate">10.1969</field>
            <field name="currency_id" ref="UAH"/>
            <field name="name">2010-01-01</field>
        </record>

        <record id="VND" model="res.currency">
            <field name="name">VND</field>
            <field name="symbol">₫</field>
            <field name="rounding">0.01</field>
            <field name="accuracy">4</field>
        </record>
        <record forcecreate="0" id="rateVND" model="res.currency.rate">
            <field name="rate">26330.01</field>
            <field name="currency_id" ref="VND"/>
            <field name="name">2010-01-01</field>
        </record>

        <record id="HKD" model="res.currency">
            <field name="name">HKD</field>
            <field name="symbol">$</field>
            <field name="rounding">0.01</field>
            <field name="accuracy">4</field>
        </record>
        <record forcecreate="0" id="rateHKD" model="res.currency.rate">
            <field name="rate">11.1608</field>
            <field name="currency_id" ref="HKD"/>
            <field name="name">2010-01-01</field>
        </record>

        <record id="JPY" model="res.currency">
            <field name="name">JPY</field>
            <field name="symbol">¥</field>
            <field name="rounding">0.01</field>
            <field name="accuracy">4</field>
        </record>
        <record forcecreate="0" id="rateJPY" model="res.currency.rate">
            <field name="rate">133.62</field>
            <field name="currency_id" ref="JPY"/>
            <field name="name">2010-01-01</field>
        </record>

        <record id="BGN" model="res.currency">
            <field name="name">BGN</field>
            <field name="symbol">лв</field>
            <field name="rounding">0.01</field>
            <field name="accuracy">4</field>
        </record>
        <record forcecreate="0" id="rateBGN" model="res.currency.rate">
            <field name="rate">1.9558</field>
            <field name="currency_id" ref="BGN"/>
            <field name="name">2010-01-01</field>
        </record>

        <record id="LTL" model="res.currency">
            <field name="name">LTL</field>
            <field name="symbol">Lt</field>
            <field name="rounding">0.01</field>
            <field name="accuracy">4</field>
        </record>
        <record forcecreate="0" id="rateLTL" model="res.currency.rate">
            <field name="rate">3.4528</field>
            <field name="currency_id" ref="LTL"/>
            <field name="name">2010-01-01</field>
        </record>

        <record id="RON" model="res.currency">
            <field name="name">RON</field>
            <field name="symbol">lei</field>
            <field name="rounding">0.01</field>
            <field name="accuracy">4</field>
        </record>
        <record forcecreate="0" id="rateRON" model="res.currency.rate">
            <field name="rate">4.2253</field>
            <field name="currency_id" ref="RON"/>
            <field name="name">2010-01-01</field>
        </record>

        <record id="HRK" model="res.currency">
            <field name="name">HRK</field>
            <field name="symbol">kn</field>
            <field name="rounding">0.01</field>
            <field name="accuracy">4</field>
        </record>
        <record forcecreate="0" id="rateHRK" model="res.currency.rate">
            <field name="rate">7.2936</field>
            <field name="currency_id" ref="HRK"/>
            <field name="name">2010-01-01</field>
        </record>

        <record id="RUB" model="res.currency">
            <field name="name">RUB</field>
            <field name="symbol">руб</field>
            <field name="rounding">0.01</field>
            <field name="accuracy">4</field>
        </record>
        <record forcecreate="0" id="rateRUB" model="res.currency.rate">
            <field name="rate">43.16</field>
            <field name="currency_id" ref="RUB"/>
            <field name="name">2010-01-01</field>
        </record>

        <record id="TRY" model="res.currency">
            <field name="name">TRY</field>
            <field name="symbol">TL</field>
            <field name="rounding">0.01</field>
            <field name="accuracy">4</field>
        </record>
        <record forcecreate="0" id="rateTRY" model="res.currency.rate">
            <field name="rate">2.1411</field>
            <field name="currency_id" ref="TRY"/>
            <field name="name">2010-01-01</field>
        </record>

        <record id="KRW" model="res.currency">
            <field name="name">KRW</field>
            <field name="symbol">₩</field>
            <field name="rounding">0.01</field>
            <field name="accuracy">4</field>
        </record>
        <record forcecreate="0" id="rateKRW" model="res.currency.rate">
            <field name="rate">1662.37</field>
            <field name="currency_id" ref="KRW"/>
            <field name="name">2010-01-01</field>
        </record>

        <record id="MXN" model="res.currency">
            <field name="name">MXN</field>
            <field name="symbol">$</field>
            <field name="rounding">0.01</field>
            <field name="accuracy">4</field>
        </record>
        <record forcecreate="0" id="rateMXN" model="res.currency.rate">
            <field name="rate">18.6664</field>
            <field name="currency_id" ref="MXN"/>
            <field name="name">2010-01-01</field>
        </record>

        <record id="MYR" model="res.currency">
            <field name="name">MYR</field>
            <field name="symbol">RM</field>
            <field name="rounding">0.01</field>
            <field name="accuracy">4</field>
        </record>
        <record forcecreate="0" id="rateMYR" model="res.currency.rate">
            <field name="rate">4.8887</field>
            <field name="currency_id" ref="MYR"/>
            <field name="name">2010-01-01</field>
        </record>

        <record id="NZD" model="res.currency">
            <field name="name">NZD</field>
            <field name="symbol">$</field>
            <field name="rounding">0.01</field>
            <field name="accuracy">4</field>
        </record>
        <record forcecreate="0" id="rateNZD" model="res.currency.rate">
            <field name="rate">1.9764</field>
            <field name="currency_id" ref="NZD"/>
            <field name="name">2010-01-01</field>
        </record>

        <record id="PHP" model="res.currency">
            <field name="name">PHP</field>
            <field name="symbol">Php</field>
            <field name="rounding">0.01</field>
            <field name="accuracy">4</field>
        </record>
        <record forcecreate="0" id="ratePHP" model="res.currency.rate">
            <field name="rate">66.1</field>
            <field name="currency_id" ref="PHP"/>
            <field name="name">2010-01-01</field>
        </record>

        <record id="SGD" model="res.currency">
            <field name="name">SGD</field>
            <field name="symbol">$</field>
            <field name="rounding">0.01</field>
            <field name="accuracy">4</field>
        </record>
        <record forcecreate="0" id="rateSGD" model="res.currency.rate">
            <field name="rate">2.0126</field>
            <field name="currency_id" ref="SGD"/>
            <field name="name">2010-01-01</field>
        </record>

        <record id="ZAR" model="res.currency">
            <field name="name">ZAR</field>
            <field name="symbol">R</field>
            <field name="rounding">0.01</field>
            <field name="accuracy">4</field>
        </record>
        <record forcecreate="0" id="rateZAR" model="res.currency.rate">
            <field name="rate">10.5618</field>
            <field name="currency_id" ref="ZAR"/>
            <field name="name">2010-01-01</field>
        </record>

        <record id="res_bank_1" model="res.bank">
            <field name="name">Reserve</field>
        </record>

        <record id="CRC" model="res.currency">
            <field name="name">CRC</field>
            <field name="rounding">0.01</field>
            <field name="accuracy">4</field>
            <field name="symbol">¢</field>
        </record>
        <record forcecreate="0" id="rateCRC" model="res.currency.rate">
            <field name="rate">691.3153</field>
            <field name="currency_id" ref="CRC"/>
            <field name="name">2010-01-01</field>
        </record>
        <record id="MUR" model="res.currency">
            <field name="name">MUR</field>
            <field name="symbol">Rs</field>
            <field name="rounding">0.01</field>
            <field name="accuracy">4</field>
        </record>
        <record forcecreate="0" id="rateMUR" model="res.currency.rate">
            <field name="rate">40.28</field>
            <field name="currency_id" ref="MUR"/>
            <field name="name">2010-01-01</field>
        </record>

        <record id="XOF" model="res.currency">
            <field name="name">XOF</field>
            <field name="symbol">CFA</field>
            <field name="rounding">1</field>
            <field name="accuracy">4</field>
        </record>
        <record forcecreate="0" id="rateXOF" model="res.currency.rate">
            <field name="rate">655.957</field>
            <field name="currency_id" ref="XOF"/>
            <field name="name">2010-01-01</field>
        </record>

        <record id="XAF" model="res.currency">
            <field name="name">XAF</field>
            <field name="symbol">FCFA</field>
            <field name="rounding">1</field>
            <field name="accuracy">4</field>
        </record>
        <record forcecreate="0" id="rateXAF" model="res.currency.rate">
            <field name="rate">655.957</field>
            <field name="currency_id" ref="XAF"/>
            <field name="name">2010-01-01</field>
        </record>

        <record id="UGX" model="res.currency">
            <field name="name">UGX</field>
            <field name="symbol">USh</field>
            <field name="rounding">1</field>
            <field name="accuracy">4</field>
        </record>
        <record forcecreate="0" id="rateUGX" model="res.currency.rate">
            <field name="rate">3401.91388</field>
            <field name="currency_id" ref="UGX"/>
            <field name="name">2010-01-01</field>
        </record>

        <record id="HNL" model="res.currency">
            <field name="name">HNL</field>
            <field name="symbol">L</field>
            <field name="rounding">0.01</field>
            <field name="accuracy">4</field>
        </record>
        <record forcecreate="0" id="rateHNL" model="res.currency.rate">
            <field name="rate">25</field>
            <field name="currency_id" ref="HNL"/>
            <field name="name">2010-01-01</field>
        </record>

        <record id="CLP" model="res.currency">
            <field name="name">CLP</field>
            <field name="symbol">$</field>
            <field name="rounding">0.01</field>
            <field name="accuracy">4</field>
        </record>
        <record forcecreate="0" id="rateCLP" model="res.currency.rate">
            <field name="rate">710</field>
            <field name="currency_id" ref="CLP"/>
            <field name="name">2010-01-01</field>
        </record>

        <record id="UYU" model="res.currency">
            <field name="name">UYU</field>
            <field name="symbol">$</field>
            <field name="rounding">0.01</field>
            <field name="accuracy">4</field>
        </record>
        <record forcecreate="0" id="rateUYU" model="res.currency.rate">
            <field name="currency_id" ref="UYU" />
            <field name="name">2010-01-01</field>
            <field name="rate">28.36</field>
        </record>

        <record id="AFN" model="res.currency">
            <field name="name">AFN</field>
            <field name="symbol">Afs</field>
            <field name="rounding">0.01</field>
            <field name="accuracy">4</field>
        </record>
        <record forcecreate="0" id="rateAFN" model="res.currency.rate">
            <field name="currency_id" ref="AFN" />
            <field name="name">2010-01-01</field>
            <field name="rate">59.33</field>
        </record>

        <record id="AOA" model="res.currency">
            <field name="name">AOA</field>
            <field name="symbol">Kz</field>
            <field name="rounding">0.01</field>
            <field name="accuracy">4</field>
        </record>
        <record forcecreate="0" id="rateAOA" model="res.currency.rate">
            <field name="currency_id" ref="AOA" />
            <field name="name">2010-01-01</field>
            <field name="rate">117.080</field>
        </record>

        <record id="XCD" model="res.currency">
            <field name="name">XCD</field>
            <field name="symbol">$</field>
            <field name="rounding">0.01</field>
            <field name="accuracy">4</field>
        </record>
        <record forcecreate="0" id="rateXCD" model="res.currency.rate">
            <field name="currency_id" ref="XCD" />
            <field name="name">2010-01-01</field>
            <field name="rate">3.32</field>
        </record>

        <record id="AMD" model="res.currency">
            <field name="name">AMD</field>
            <field name="symbol">դր.</field>
            <field name="rounding">0.01</field>
            <field name="accuracy">4</field>
        </record>
        <record forcecreate="0" id="rateAMD" model="res.currency.rate">
            <field name="currency_id" ref="AMD" />
            <field name="name">2010-01-01</field>
            <field name="rate">506.02</field>
        </record>

        <record id="AWG" model="res.currency">
            <field name="name">AWG</field>
            <field name="symbol">Afl.</field>
            <field name="rounding">0.01</field>
            <field name="accuracy">4</field>
        </record>
        <record forcecreate="0" id="rateAWG" model="res.currency.rate">
            <field name="currency_id" ref="AWG" />
            <field name="name">2010-01-01</field>
            <field name="rate">0.45</field>
        </record>

        <record id="AZN" model="res.currency">
            <field name="name">AZN</field>
            <field name="symbol">m</field>
            <field name="rounding">0.01</field>
            <field name="accuracy">4</field>
        </record>
        <record forcecreate="0" id="rateAZN" model="res.currency.rate">
            <field name="currency_id" ref="AZN" />
            <field name="name">2010-01-01</field>
            <field name="rate">0.96</field>
        </record>

        <record id="BSD" model="res.currency">
            <field name="name">BSD</field>
            <field name="symbol">B$</field>
            <field name="rounding">0.01</field>
            <field name="accuracy">4</field>
        </record>
        <record forcecreate="0" id="rateBSD" model="res.currency.rate">
            <field name="currency_id" ref="BSD" />
            <field name="name">2010-01-01</field>
            <field name="rate">1.23</field>
        </record>

        <record id="BHD" model="res.currency">
            <field name="name">BHD</field>
            <field name="symbol">BD</field>
            <field name="rounding">0.01</field>
            <field name="accuracy">4</field>
        </record>
        <record forcecreate="0" id="rateBHD" model="res.currency.rate">
            <field name="currency_id" ref="BHD" />
            <field name="name">2010-01-01</field>
            <field name="rate">0.46</field>
        </record>

        <record id="BDT" model="res.currency">
            <field name="name">BDT</field>
            <field name="symbol">৳</field>
            <field name="rounding">0.01</field>
            <field name="accuracy">4</field>
        </record>
        <record forcecreate="0" id="rateBDT" model="res.currency.rate">
            <field name="currency_id" ref="BDT" />
            <field name="name">2010-01-01</field>
            <field name="rate">100.59</field>
        </record>

        <record id="BBD" model="res.currency">
            <field name="name">BBD</field>
            <field name="symbol">Bds$</field>
            <field name="rounding">0.01</field>
            <field name="accuracy">4</field>
        </record>
        <record forcecreate="0" id="rateBBD" model="res.currency.rate">
            <field name="currency_id" ref="BBD" />
            <field name="name">2010-01-01</field>
            <field name="rate">2.46</field>
        </record>

        <record id="BYR" model="res.currency">
            <field name="name">BYR</field>
            <field name="symbol">BR</field>
            <field name="rounding">0.01</field>
            <field name="accuracy">4</field>
        </record>
        <record forcecreate="0" id="rateBYR" model="res.currency.rate">
            <field name="currency_id" ref="BYR" />
            <field name="name">2010-01-01</field>
            <field name="rate">10228.19</field>
        </record>

        <record id="BZD" model="res.currency">
            <field name="name">BZD</field>
            <field name="symbol">BZ$</field>
            <field name="rounding">0.01</field>
            <field name="accuracy">4</field>
        </record>
        <record forcecreate="0" id="rateBZD" model="res.currency.rate">
            <field name="currency_id" ref="BZD" />
            <field name="name">2010-01-01</field>
            <field name="rate">2.33</field>
        </record>

        <record id="BMD" model="res.currency">
            <field name="name">BMD</field>
            <field name="symbol">BD$</field>
            <field name="rounding">0.01</field>
            <field name="accuracy">4</field>
        </record>
        <record forcecreate="0" id="rateBMD" model="res.currency.rate">
            <field name="currency_id" ref="BMD" />
            <field name="name">2010-01-01</field>
            <field name="rate">1.23</field>
        </record>

        <record id="BTN" model="res.currency">
            <field name="name">BTN</field>
            <field name="symbol">Nu.</field>
            <field name="rounding">0.01</field>
            <field name="accuracy">4</field>
        </record>
        <record forcecreate="0" id="rateBTN" model="res.currency.rate">
            <field name="currency_id" ref="BTN" />
            <field name="name">2010-01-01</field>
            <field name="rate"> 67.81</field>
        </record>

        <record id="BOB" model="res.currency">
            <field name="name">BOB</field>
            <field name="symbol">Bs.</field>
            <field name="rounding">0.01</field>
            <field name="accuracy">4</field>
        </record>
        <record forcecreate="0" id="rateBOB" model="res.currency.rate">
            <field name="currency_id" ref="BOB" />
            <field name="name">2010-01-01</field>
            <field name="rate">8.50</field>
        </record>

        <record id="BAM" model="res.currency">
            <field name="name">BAM</field>
            <field name="symbol">KM</field>
            <field name="rounding">0.01</field>
            <field name="accuracy">4</field>
        </record>
        <record forcecreate="0" id="rateBAM" model="res.currency.rate">
            <field name="currency_id" ref="BAM" />
            <field name="name">2010-01-01</field>
            <field name="rate">1.96</field>
        </record>

        <record id="BWP" model="res.currency">
            <field name="name">BWP</field>
            <field name="symbol">P</field>
            <field name="rounding">0.01</field>
            <field name="accuracy">4</field>
        </record>
        <record forcecreate="0" id="rateBWP" model="res.currency.rate">
            <field name="currency_id" ref="BWP" />
            <field name="name">2010-01-01</field>
            <field name="rate">9.45</field>
        </record>

        <record id="BIF" model="res.currency">
            <field name="name">BIF</field>
            <field name="symbol">FBu</field>
            <field name="rounding">0.01</field>
            <field name="accuracy">4</field>
        </record>
        <record forcecreate="0" id="rateBIF" model="res.currency.rate">
            <field name="currency_id" ref="BIF" />
            <field name="name">2010-01-01</field>
            <field name="rate">1736.73</field>
        </record>

        <record id="KHR" model="res.currency">
            <field name="name">KHR</field>
            <field name="symbol">៛</field>
            <field name="rounding">0.01</field>
            <field name="accuracy">4</field>
        </record>
        <record forcecreate="0" id="rateKHR" model="res.currency.rate">
            <field name="currency_id" ref="KHR" />
            <field name="name">2010-01-01</field>
            <field name="rate">5054.53</field>
        </record>

        <record id="KYD" model="res.currency">
            <field name="name">KYD</field>
            <field name="symbol">$</field>
            <field name="rounding">0.01</field>
            <field name="accuracy">4</field>
        </record>
        <record forcecreate="0" id="rateKYD" model="res.currency.rate">
            <field name="currency_id" ref="KYD" />
            <field name="name">2010-01-01</field>
            <field name="rate">1.007</field>
        </record>

        <record id="KMF" model="res.currency">
            <field name="name">KMF</field>
            <field name="symbol">CF</field>
            <field name="rounding">0.01</field>
            <field name="accuracy">4</field>
        </record>
        <record forcecreate="0" id="rateKMF" model="res.currency.rate">
            <field name="currency_id" ref="KMF" />
            <field name="name">2010-01-01</field>
            <field name="rate">492.23</field>
        </record>

        <record id="CDF" model="res.currency">
            <field name="name">CDF</field>
            <field name="symbol">Fr</field>
            <field name="rounding">0.01</field>
            <field name="accuracy">4</field>
        </record>
        <record forcecreate="0" id="rateCDF" model="res.currency.rate">
            <field name="currency_id" ref="CDF" />
            <field name="name">2010-01-01</field>
            <field name="rate">1112.80</field>
        </record>

        <record id="CUP" model="res.currency">
            <field name="name">CUP</field>
            <field name="symbol">$</field>
            <field name="rounding">0.01</field>
            <field name="accuracy">4</field>
        </record>
        <record forcecreate="0" id="rateCUP" model="res.currency.rate">
            <field name="currency_id" ref="CUP" />
            <field name="name">2010-01-01</field>
            <field name="rate">1.226</field>
        </record>

        <record id="ANG" model="res.currency">
            <field name="name">ANG</field>
            <field name="symbol">ƒ</field>
            <field name="rounding">0.01</field>
            <field name="accuracy">4</field>
        </record>
        <record forcecreate="0" id="rateANG" model="res.currency.rate">
            <field name="currency_id" ref="ANG" />
            <field name="name">2010-01-01</field>
            <field name="rate">2.11</field>
        </record>

        <record id="CYP" model="res.currency">
            <field name="name">CYP</field>
            <field name="symbol">£</field>
            <field name="rounding">0.01</field>
            <field name="accuracy">4</field>
        </record>
        <record forcecreate="0" id="rateCYP" model="res.currency.rate">
            <field name="currency_id" ref="CYP" />
            <field name="name">2010-01-01</field>
            <field name="rate">0.475</field>
        </record>

        <record id="DJF" model="res.currency">
            <field name="name">DJF</field>
            <field name="symbol">Fdj</field>
            <field name="rounding">0.01</field>
            <field name="accuracy">4</field>
        </record>
        <record forcecreate="0" id="rateDJF" model="res.currency.rate">
            <field name="currency_id" ref="DJF" />
            <field name="name">2010-01-01</field>
            <field name="rate">222.22</field>
        </record>

        <record id="DOP" model="res.currency">
            <field name="name">DOP</field>
            <field name="symbol">RD$</field>
            <field name="rounding">0.01</field>
            <field name="accuracy">4</field>
        </record>
        <record forcecreate="0" id="rateDOP" model="res.currency.rate">
            <field name="currency_id" ref="DOP" />
            <field name="name">2010-01-01</field>
            <field name="rate">48.09</field>
        </record>

        <!-- East Timor -->
        <record id="TPE" model="res.currency">
            <field name="name">TPE</field>
            <field name="rounding">0.01</field>
            <field name="accuracy">4</field>
        </record>
        <record forcecreate="0" id="rateTPE" model="res.currency.rate">
            <field name="currency_id" ref="TPE" />
            <field name="name">2010-01-01</field>
            <field name="rate">1.2535</field>
        </record>

        <record id="ECS" model="res.currency">
            <field name="name">ECS</field>
            <field name="symbol">S/.</field>
            <field name="rounding">0.01</field>
            <field name="accuracy">4</field>
        </record>
        <record forcecreate="0" id="rateECS" model="res.currency.rate">
            <field name="currency_id" ref="ECS" />
            <field name="name">2010-01-01</field>
            <field name="rate">30707.5</field>
        </record>

        <record id="EGP" model="res.currency">
            <field name="name">EGP</field>
            <field name="symbol">E£</field>
            <field name="rounding">0.01</field>
            <field name="accuracy">4</field>
        </record>
        <record forcecreate="0" id="rateEGP" model="res.currency.rate">
            <field name="currency_id" ref="EGP" />
            <field name="name">2010-01-01</field>
            <field name="rate">7.46</field>
        </record>

        <record id="SVC" model="res.currency">
            <field name="name">SVC</field>
            <field name="symbol">¢</field>
            <field name="rounding">0.01</field>
            <field name="accuracy">4</field>
        </record>
        <record forcecreate="0" id="rateSVC" model="res.currency.rate">
            <field name="currency_id" ref="SVC" />
            <field name="name">2010-01-01</field>
            <field name="rate">10.74</field>
        </record>

        <record id="ERN" model="res.currency">
            <field name="name">ERN</field>
            <field name="symbol">Nfk</field>
            <field name="rounding">0.01</field>
            <field name="accuracy">4</field>
        </record>
        <record forcecreate="0" id="rateERN" model="res.currency.rate">
            <field name="currency_id" ref="ERN" />
            <field name="name">2010-01-01</field>
            <field name="rate">18.89</field>
        </record>

        <record id="ETB" model="res.currency">
            <field name="name">ETB</field>
            <field name="symbol">Br</field>
            <field name="rounding">0.01</field>
            <field name="accuracy">4</field>
        </record>
        <record forcecreate="0" id="rateEEB" model="res.currency.rate">
            <field name="currency_id" ref="ETB" />
            <field name="name">2010-01-01</field>
            <field name="rate">21.94</field>
        </record>

        <record id="FKP" model="res.currency">
            <field name="name">FKP</field>
            <field name="symbol">£</field>
            <field name="rounding">0.01</field>
            <field name="accuracy">4</field>
        </record>
        <record forcecreate="0" id="rateFKP" model="res.currency.rate">
            <field name="currency_id" ref="FKP" />
            <field name="name">2010-01-01</field>
            <field name="rate">0.78</field>
        </record>

        <record id="FJD" model="res.currency">
            <field name="name">FJD</field>
            <field name="symbol">FJ$</field>
            <field name="rounding">0.01</field>
            <field name="accuracy">4</field>
        </record>
        <record forcecreate="0" id="rateFJD" model="res.currency.rate">
            <field name="currency_id" ref="FJD" />
            <field name="name">2010-01-01</field>
            <field name="rate">2.22</field>
        </record>

        <record id="GEL" model="res.currency">
            <field name="name">GEL</field>
            <field name="symbol">ლ</field>
            <field name="rounding">0.01</field>
            <field name="accuracy">4</field>
        </record>
        <record forcecreate="0" id="rateGEL" model="res.currency.rate">
            <field name="currency_id" ref="GEL" />
            <field name="name">2010-01-01</field>
            <field name="rate">2.018</field>
        </record>

        <record id="GIP" model="res.currency">
            <field name="name">GIP</field>
            <field name="symbol">£</field>
            <field name="rounding">0.01</field>
            <field name="accuracy">4</field>
        </record>
        <record forcecreate="0" id="rateGIP" model="res.currency.rate">
            <field name="currency_id" ref="GIP" />
            <field name="name">2010-01-01</field>
            <field name="rate">0.786</field>
        </record>

        <record id="QTQ" model="res.currency">
            <field name="name">QTQ</field>
            <field name="symbol">Q</field>
            <field name="rounding">0.01</field>
            <field name="accuracy">4</field>
        </record>
        <record forcecreate="0" id="rateQTQ" model="res.currency.rate">
            <field name="currency_id" ref="QTQ" />
            <field name="name">2010-01-01</field>
            <field name="rate">9.8827</field>
        </record>

        <record id="GNF" model="res.currency">
            <field name="name">GNF</field>
            <field name="symbol">FG</field>
            <field name="rounding">0.01</field>
            <field name="accuracy">4</field>
        </record>
        <record forcecreate="0" id="rateGNF" model="res.currency.rate">
            <field name="currency_id" ref="GNF" />
            <field name="name">2010-01-01</field>
            <field name="rate">8835.85</field>
        </record>

        <record id="GWP" model="res.currency">
            <field name="name">GWP</field>
            <field name="rounding">0.01</field>
            <field name="accuracy">4</field>
        </record>
        <record forcecreate="0" id="rateGWP" model="res.currency.rate">
            <field name="currency_id" ref="GWP" />
            <field name="name">2010-01-01</field>
            <field name="rate">659.30</field>
        </record>

        <record id="GYD" model="res.currency">
            <field name="name">GYD</field>
            <field name="symbol">$</field>
            <field name="rounding">0.01</field>
            <field name="accuracy">4</field>
        </record>
        <record forcecreate="0" id="rateGYD" model="res.currency.rate">
            <field name="currency_id" ref="GYD" />
            <field name="name">2010-01-01</field>
            <field name="rate">247.31</field>
        </record>

        <record id="HTG" model="res.currency">
            <field name="name">HTG</field>
            <field name="symbol">G</field>
            <field name="rounding">0.01</field>
            <field name="accuracy">4</field>
        </record>
        <record forcecreate="0" id="rateHTG" model="res.currency.rate">
            <field name="currency_id" ref="HTG" />
            <field name="name">2010-01-01</field>
            <field name="rate">51.69</field>
        </record>

        <record id="ISK" model="res.currency">
            <field name="name">ISK</field>
            <field name="symbol">kr</field>
            <field name="rounding">0.01</field>
            <field name="accuracy">4</field>
        </record>
        <record forcecreate="0" id="rateISK" model="res.currency.rate">
            <field name="currency_id" ref="ISK" />
            <field name="name">2010-01-01</field>
            <field name="rate">158.70</field>
        </record>

        <record id="IRR" model="res.currency">
            <field name="name">IRR</field>
            <field name="symbol">﷼</field>
            <field name="rounding">0.01</field>
            <field name="accuracy">4</field>
        </record>
        <record forcecreate="0" id="rateIRR" model="res.currency.rate">
            <field name="currency_id" ref="IRR" />
            <field name="name">2010-01-01</field>
            <field name="rate">15059.97</field>
        </record>

        <record id="IQD" model="res.currency">
            <field name="name">IQD</field>
            <field name="symbol"> ع.د</field>
            <field name="rounding">0.01</field>
            <field name="accuracy">4</field>
        </record>
        <record forcecreate="0" id="rateIQD" model="res.currency.rate">
            <field name="currency_id" ref="IQD" />
            <field name="name">2010-01-01</field>
            <field name="rate">1432.27</field>
        </record>

        <record id="ILS" model="res.currency">
            <field name="name">ILS</field>
            <field name="symbol">₪</field>
            <field name="rounding">0.01</field>
            <field name="accuracy">4</field>
        </record>
        <record forcecreate="0" id="rateILS" model="res.currency.rate">
            <field name="currency_id" ref="ILS" />
            <field name="name">2010-01-01</field>
            <field name="rate">4.89</field>
        </record>

        <record id="JMD" model="res.currency">
            <field name="name">JMD</field>
            <field name="symbol">$</field>
            <field name="rounding">0.01</field>
            <field name="accuracy">4</field>
        </record>
        <record forcecreate="0" id="rateJMD" model="res.currency.rate">
            <field name="currency_id" ref="JMD" />
            <field name="name">2010-01-01</field>
            <field name="rate">108.94 </field>
        </record>

        <record id="JOD" model="res.currency">
            <field name="name">JOD</field>
            <field name="symbol"> د.ا </field>
            <field name="rounding">0.01</field>
            <field name="accuracy">4</field>
        </record>
        <record forcecreate="0" id="rateJOD" model="res.currency.rate">
            <field name="currency_id" ref="JOD" />
            <field name="name">2010-01-01</field>
            <field name="rate">0.87</field>
        </record>

        <record id="KZT" model="res.currency">
            <field name="name">KZT</field>
            <field name="symbol">лв</field>
            <field name="rounding">0.01</field>
            <field name="accuracy">4</field>
        </record>
        <record forcecreate="0" id="rateKZT" model="res.currency.rate">
            <field name="currency_id" ref="KZT" />
            <field name="name">2010-01-01</field>
            <field name="rate">184.09</field>
        </record>

        <record id="KES" model="res.currency">
            <field name="name">KES</field>
            <field name="symbol">KSh</field>
            <field name="rounding">0.01</field>
            <field name="accuracy">4</field>
        </record>
        <record forcecreate="0" id="rateKES" model="res.currency.rate">
            <field name="currency_id" ref="KES" />
            <field name="name">2010-01-01</field>
            <field name="rate">103.43</field>
        </record>

        <record id="KWD" model="res.currency">
            <field name="name">KWD</field>
            <field name="symbol"> د.ك </field>
            <field name="rounding">0.01</field>
            <field name="accuracy">4</field>
        </record>
        <record forcecreate="0" id="rateKWD" model="res.currency.rate">
            <field name="currency_id" ref="KWD" />
            <field name="name">2010-01-01</field>
            <field name="rate">0.35</field>
        </record>

        <record id="KGS" model="res.currency">
            <field name="name">KGS</field>
            <field name="symbol">лв</field>
            <field name="rounding">0.01</field>
            <field name="accuracy">4</field>
        </record>
        <record forcecreate="0" id="rateKGS" model="res.currency.rate">
            <field name="currency_id" ref="KGS" />
            <field name="name">2010-01-01</field>
            <field name="rate">57.93</field>
        </record>

        <record id="LAK" model="res.currency">
            <field name="name">LAK</field>
            <field name="symbol">₭</field>
            <field name="rounding">0.01</field>
            <field name="accuracy">4</field>
        </record>
        <record forcecreate="0" id="rateLAK" model="res.currency.rate">
            <field name="currency_id" ref="LAK" />
            <field name="name">2010-01-01</field>
            <field name="rate">9847.72</field>
        </record>

        <record id="LBP" model="res.currency">
            <field name="name">LBP</field>
            <field name="symbol">ل.ل</field>
            <field name="rounding">0.01</field>
            <field name="accuracy">4</field>
        </record>
        <record forcecreate="0" id="rateLBP" model="res.currency.rate">
            <field name="currency_id" ref="LBP" />
            <field name="name">2010-01-01</field>
            <field name="rate">1853.94</field>
        </record>

        <record id="LSL" model="res.currency">
            <field name="name">LSL</field>
            <field name="symbol">L</field>
            <field name="rounding">0.01</field>
            <field name="accuracy">4</field>
        </record>
        <record forcecreate="0" id="rateLSL" model="res.currency.rate">
            <field name="currency_id" ref="LSL" />
            <field name="name">2010-01-01</field>
            <field name="rate">10.06</field>
        </record>

        <record id="LRD" model="res.currency">
            <field name="name">LRD</field>
            <field name="symbol">L$</field>
            <field name="rounding">0.01</field>
            <field name="accuracy">4</field>
        </record>
        <record forcecreate="0" id="rateLRD" model="res.currency.rate">
            <field name="currency_id" ref="LRD" />
            <field name="name">2010-01-01</field>
            <field name="rate">90.28</field>
        </record>

        <record id="LYD" model="res.currency">
            <field name="name">LYD</field>
            <field name="symbol"> ل.د </field>
            <field name="rounding">0.01</field>
            <field name="accuracy">4</field>
        </record>
        <record forcecreate="0" id="rateLYD" model="res.currency.rate">
            <field name="currency_id" ref="LYD" />
            <field name="name">2010-01-01</field>
            <field name="rate">1.54</field>
        </record>

        <record id="MOP" model="res.currency">
            <field name="name">MOP</field>
            <field name="symbol">MOP$</field>
            <field name="rounding">0.01</field>
            <field name="accuracy">4</field>
        </record>
        <record forcecreate="0" id="rateMOP" model="res.currency.rate">
            <field name="currency_id" ref="MOP" />
            <field name="name">2010-01-01</field>
            <field name="rate">9.81</field>
        </record>

        <record id="MKD" model="res.currency">
            <field name="name">MKD</field>
            <field name="symbol">ден</field>
            <field name="rounding">0.01</field>
            <field name="accuracy">4</field>
        </record>
        <record forcecreate="0" id="rateMKD" model="res.currency.rate">
            <field name="currency_id" ref="MKD" />
            <field name="name">2010-01-01</field>
            <field name="rate">60.29</field>
        </record>

        <record id="MGA" model="res.currency">
            <field name="name">MGA</field>
            <field name="symbol">Ar</field>
            <field name="rounding">0.01</field>
            <field name="accuracy">4</field>
        </record>
        <record forcecreate="0" id="rateMGA" model="res.currency.rate">
            <field name="currency_id" ref="MGA" />
            <field name="name">2010-01-01</field>
            <field name="rate">2775.86</field>
        </record>

        <record id="MWK" model="res.currency">
            <field name="name">MWK</field>
            <field name="symbol">MK</field>
            <field name="rounding">0.01</field>
            <field name="accuracy">4</field>
        </record>
        <record forcecreate="0" id="rateMWK" model="res.currency.rate">
            <field name="currency_id" ref="MWK" />
            <field name="name">2010-01-01</field>
            <field name="rate">329.79</field>
        </record>

        <record id="MVR" model="res.currency">
            <field name="name">MVR</field>
            <field name="symbol">.ރ</field>
            <field name="rounding">0.01</field>
            <field name="accuracy">4</field>
        </record>
        <record forcecreate="0" id="rateMVR" model="res.currency.rate">
            <field name="currency_id" ref="MVR" />
            <field name="name">2010-01-01</field>
            <field name="rate">18.89</field>
        </record>

        <record id="MRO" model="res.currency">
            <field name="name">MRO</field>
            <field name="symbol">UM</field>
            <field name="rounding">0.01</field>
            <field name="accuracy">4</field>
        </record>
        <record forcecreate="0" id="rateMRO" model="res.currency.rate">
            <field name="currency_id" ref="MRO" />
            <field name="name">2010-01-01</field>
            <field name="rate">362.23</field>
        </record>

        <record id="MDL" model="res.currency">
            <field name="name">MDL</field>
            <field name="symbol">L</field>
            <field name="rounding">0.01</field>
            <field name="accuracy">4</field>
        </record>
        <record forcecreate="0" id="rateMDL" model="res.currency.rate">
            <field name="currency_id" ref="MDL" />
            <field name="name">2010-01-01</field>
            <field name="rate">15.27</field>
        </record>

        <record id="MNT" model="res.currency">
            <field name="name">MNT</field>
            <field name="symbol">₮</field>
            <field name="rounding">0.01</field>
            <field name="accuracy">4</field>
        </record>
        <record forcecreate="0" id="rateMNT" model="res.currency.rate">
            <field name="currency_id" ref="MNT" />
            <field name="name">2010-01-01</field>
            <field name="rate">1643.57</field>
        </record>

        <record id="MAD" model="res.currency">
            <field name="name">MAD</field>
            <field name="symbol"> د.م. </field>
            <field name="rounding">0.01</field>
            <field name="accuracy">4</field>
        </record>
        <record forcecreate="0" id="rateMAD" model="res.currency.rate">
            <field name="currency_id" ref="MAD" />
            <field name="name">2010-01-01</field>
            <field name="rate">10.9962499</field>
        </record>

        <record id="BND" model="res.currency">
            <field name="name">BND</field>
            <field name="symbol">$</field>
            <field name="rounding">0.01</field>
            <field name="accuracy">4</field>
        </record>
        <record forcecreate="0" id="rateBND" model="res.currency.rate">
            <field name="currency_id" ref="BND" />
            <field name="name">2010-01-01</field>
            <field name="rate">1.54</field>
        </record>

        <record id="DZD" model="res.currency">
            <field name="name">DZD</field>
            <field name="symbol">DZ</field>
            <field name="rounding">0.01</field>
            <field name="accuracy">4</field>
        </record>
        <record forcecreate="0" id="rateDZD" model="res.currency.rate">
            <field name="currency_id" ref="DZD" />
            <field name="name">2010-01-01</field>
            <field name="rate">99.65</field>
        </record>

        <record id="GHS" model="res.currency">
            <field name="name">GHS</field>
            <field name="symbol">GH¢</field>
            <field name="rounding">0.01</field>
            <field name="accuracy">4</field>
        </record>
        <record forcecreate="0" id="rateGHS" model="res.currency.rate">
            <field name="currency_id" ref="GHS" />
            <field name="name">2010-01-01</field>
            <field name="rate">2.39</field>
        </record>

        <record id="GMD" model="res.currency">
            <field name="name">GMD</field>
            <field name="symbol">D</field>
            <field name="rounding">0.01</field>
            <field name="accuracy">4</field>
        </record>
        <record forcecreate="0" id="rateGMD" model="res.currency.rate">
            <field name="currency_id" ref="GMD" />
            <field name="name">2010-01-01</field>
            <field name="rate">38.89</field>
        </record>

        <record id="ZRZ" model="res.currency">
            <field name="name">ZRZ</field>
            <field name="symbol">Ƶ</field>
            <field name="rounding">0.01</field>
            <field name="accuracy">4</field>
        </record>
        <record forcecreate="0" id="rateZRZ" model="res.currency.rate">
            <field name="currency_id" ref="ZRZ" />
            <field name="name">2010-01-01</field>
            <field name="rate">1148948.76</field>
        </record>

        <record id="MZN" model="res.currency">
            <field name="name">MZN</field>
            <field name="symbol">MT</field>
            <field name="rounding">0.01</field>
            <field name="accuracy">4</field>
        </record>
        <record forcecreate="0" id="rateMZN" model="res.currency.rate">
            <field name="currency_id" ref="MZN" />
            <field name="name">2010-01-01</field>
            <field name="rate">33.65</field>
        </record>

        <record id="MMK" model="res.currency">
            <field name="name">MMK</field>
            <field name="symbol">K</field>
            <field name="rounding">0.01</field>
            <field name="accuracy">4</field>
        </record>
        <record forcecreate="0" id="rateMMK" model="res.currency.rate">
            <field name="currency_id" ref="MMK" />
            <field name="name">2010-01-01</field>
            <field name="rate">1080.82</field>
        </record>

        <record id="NAD" model="res.currency">
            <field name="name">NAD</field>
            <field name="symbol">$</field>
            <field name="rounding">0.01</field>
            <field name="accuracy">4</field>
        </record>
        <record forcecreate="0" id="rateNAD" model="res.currency.rate">
            <field name="currency_id" ref="NAD" />
            <field name="name">2010-01-01</field>
            <field name="rate">10.06</field>
        </record>

        <record id="NPR" model="res.currency">
            <field name="name">NPR</field>
            <field name="symbol">₨</field>
            <field name="rounding">0.01</field>
            <field name="accuracy">4</field>
        </record>
        <record forcecreate="0" id="rateNPR" model="res.currency.rate">
            <field name="currency_id" ref="NPR" />
            <field name="name">2010-01-01</field>
            <field name="rate">108.33</field>
        </record>

        <record id="ALL" model="res.currency">
            <field name="name">ALL</field>
            <field name="symbol">L</field>
            <field name="rounding">0.01</field>
            <field name="accuracy">4</field>
        </record>
        <record forcecreate="0" id="rateALL" model="res.currency.rate">
            <field name="currency_id" ref="ALL" />
            <field name="name">2010-01-01</field>
            <field name="rate">138.00</field>
        </record>

        <record id="NIO" model="res.currency">
            <field name="name">NIO</field>
            <field name="symbol">C$</field>
            <field name="rounding">0.01</field>
            <field name="accuracy">4</field>
        </record>
        <record forcecreate="0" id="rateNIO" model="res.currency.rate">
            <field name="currency_id" ref="NIO" />
            <field name="name">2010-01-01</field>
            <field name="rate">28.97</field>
        </record>

        <record id="NGN" model="res.currency">
            <field name="name">NGN</field>
            <field name="symbol">₦</field>
            <field name="rounding">0.01</field>
            <field name="accuracy">4</field>
        </record>
        <record forcecreate="0" id="rateNGN" model="res.currency.rate">
            <field name="currency_id" ref="NGN" />
            <field name="name">2010-01-01</field>
            <field name="rate">196.77</field>
        </record>

        <record id="KPW" model="res.currency">
            <field name="name">KPW</field>
            <field name="symbol">₩</field>
            <field name="rounding">0.01</field>
            <field name="accuracy">4</field>
        </record>
        <record forcecreate="0" id="rateKPW" model="res.currency.rate">
            <field name="currency_id" ref="KPW" />
            <field name="name">2010-01-01</field>
            <field name="rate">1105.24376765</field>
        </record>

        <record id="ZWD" model="res.currency">
            <field name="name">ZWD</field>
            <field name="symbol">Z$</field>
            <field name="rounding">0.01</field>
            <field name="accuracy">4</field>
        </record>
        <record forcecreate="0" id="rateZWD" model="res.currency.rate">
            <field name="currency_id" ref="ZWD" />
            <field name="name">2010-01-01</field>
            <field name="rate">460.93</field>
        </record>

        <record id="ZMK" model="res.currency">
            <field name="name">ZMK</field>
            <field name="symbol">ZK</field>
            <field name="rounding">0.01</field>
            <field name="accuracy">4</field>
        </record>
        <record forcecreate="0" id="rateZMK" model="res.currency.rate">
            <field name="currency_id" ref="ZMK" />
            <field name="name">2010-01-01</field>
            <field name="rate">6022.54902</field>
        </record>

        <record id="YER" model="res.currency">
            <field name="name">YER</field>
            <field name="symbol">﷼</field>
            <field name="rounding">0.01</field>
            <field name="accuracy">4</field>
        </record>
        <record forcecreate="0" id="rateYER" model="res.currency.rate">
            <field name="currency_id" ref="YER" />
            <field name="name">2010-01-01</field>
            <field name="rate">264.784483</field>
        </record>

        <record id="VUB" model="res.currency">
            <field name="name">VUB</field>
            <field name="symbol">Bs</field>
            <field name="rounding">0.01</field>
            <field name="accuracy">4</field>
        </record>
        <record forcecreate="0" id="rateVUB" model="res.currency.rate">
            <field name="currency_id" ref="VUB" />
            <field name="name">2010-01-01</field>
            <field name="rate">5.3821</field>
        </record>

        <record id="EUR" model="res.currency">
            <field name="name">EUR</field>
            <field name="symbol">€</field>
            <field name="rounding">0.01</field>
            <field name="accuracy">4</field>
        </record>
        <record forcecreate="0" id="rateEUR" model="res.currency.rate">
            <field name="currency_id" ref="EUR" />
            <field name="name">2010-01-01</field>
            <field name="rate">1.0</field>
        </record>

        <record id="VUV" model="res.currency">
            <field name="name">VUV</field>
            <field name="symbol">VT</field>
            <field name="rounding">0.01</field>
            <field name="accuracy">4</field>
        </record>
        <record forcecreate="0" id="rateVUV" model="res.currency.rate">
            <field name="currency_id" ref="VUV" />
            <field name="name">2010-01-01</field>
            <field name="rate">114.024315363</field>
        </record>

        <record id="UZS" model="res.currency">
            <field name="name">UZS</field>
            <field name="symbol">лв</field>
            <field name="rounding">0.01</field>
            <field name="accuracy">4</field>
        </record>
        <record forcecreate="0" id="rateUZS" model="res.currency.rate">
            <field name="currency_id" ref="UZS" />
            <field name="name">2010-01-01</field>
            <field name="rate">2331.3093</field>
        </record>

        <record id="AED" model="res.currency">
            <field name="name">AED</field>
            <field name="symbol">د.إ</field>
            <field name="rounding">0.01</field>
            <field name="accuracy">4</field>
        </record>
        <record forcecreate="0" id="rateAED" model="res.currency.rate">
            <field name="currency_id" ref="AED" />
            <field name="name">2010-01-01</field>
            <field name="rate">4.51253195</field>
        </record>

        <record id="UAG" model="res.currency">
            <field name="name">UAG</field>
            <field name="symbol">₴</field>
            <field name="rounding">0.01</field>
            <field name="accuracy">4</field>
        </record>
        <record forcecreate="0" id="rateUAG" model="res.currency.rate">
            <field name="currency_id" ref="UAG" />
            <field name="name">2010-01-01</field>
            <field name="rate">10.17</field>
        </record>

        <record id="TMM" model="res.currency">
            <field name="name">TMM</field>
            <field name="symbol">m</field>
            <field name="rounding">0.01</field>
            <field name="accuracy">4</field>
        </record>
        <record forcecreate="0" id="rateTMM" model="res.currency.rate">
            <field name="currency_id" ref="TMM" />
            <field name="name">2010-01-01</field>
            <field name="rate">0.00313859649123</field>
        </record>

        <record id="TRL" model="res.currency">
            <field name="name">TRL</field>
            <field name="symbol">TL</field>
            <field name="rounding">0.01</field>
            <field name="accuracy">4</field>
        </record>
        <record forcecreate="0" id="rateTRL" model="res.currency.rate">
            <field name="currency_id" ref="TRL" />
            <field name="name">2010-01-01</field>
            <field name="rate">2.255</field>
        </record>

        <record id="TND" model="res.currency">
            <field name="name">TND</field>
            <field name="symbol">DT</field>
            <field name="rounding">0.01</field>
            <field name="accuracy">4</field>
        </record>
        <record forcecreate="0" id="rateTND" model="res.currency.rate">
            <field name="currency_id" ref="TND" />
            <field name="name">2010-01-01</field>
            <field name="rate">34.0661408</field>
        </record>

        <record id="TTD" model="res.currency">
            <field name="name">TTD</field>
            <field name="symbol">$</field>
            <field name="rounding">0.01</field>
            <field name="accuracy">4</field>
        </record>
        <record forcecreate="0" id="rateTTD" model="res.currency.rate">
            <field name="currency_id" ref="TTD" />
            <field name="name">2010-01-01</field>
            <field name="rate">8.61926302</field>
        </record>

        <record id="TOP" model="res.currency">
            <field name="name">TOP</field>
            <field name="symbol">T$</field>
            <field name="rounding">0.01</field>
            <field name="accuracy">4</field>
        </record>
        <record forcecreate="0" id="rateTOP" model="res.currency.rate">
            <field name="currency_id" ref="TOP" />
            <field name="name">2010-01-01</field>
            <field name="rate">31.1217</field>
        </record>

        <record id="THB" model="res.currency">
            <field name="name">THB</field>
            <field name="symbol">฿</field>
            <field name="rounding">0.01</field>
            <field name="accuracy">4</field>
        </record>
        <record forcecreate="0" id="rateTHB" model="res.currency.rate">
            <field name="currency_id" ref="THB" />
            <field name="name">2010-01-01</field>
            <field name="rate">38.4070124</field>
        </record>

        <record id="TZS" model="res.currency">
            <field name="name">TZS</field>
            <field name="symbol">x/y</field>
            <field name="rounding">0.01</field>
            <field name="accuracy">4</field>
        </record>
        <record forcecreate="0" id="rateTZS" model="res.currency.rate">
            <field name="currency_id" ref="TZS" />
            <field name="name">2010-01-01</field>
            <field name="rate">1947.06815</field>
        </record>

        <record id="TJR" model="res.currency">
            <field name="name">TJR</field>
            <field name="rounding">0.01</field>
            <field name="accuracy">4</field>
        </record>
        <record forcecreate="0" id="rateTJR" model="res.currency.rate">
            <field name="currency_id" ref="TJR" />
            <field name="name">2010-01-01</field>
            <field name="rate">5.95</field>
        </record>

        <record id="TWD" model="res.currency">
            <field name="name">TWD</field>
            <field name="symbol">NT$</field>
            <field name="rounding">0.01</field>
            <field name="accuracy">4</field>
        </record>
        <record forcecreate="0" id="rateTWD" model="res.currency.rate">
            <field name="currency_id" ref="TWD" />
            <field name="name">2010-01-01</field>
            <field name="rate">36.8329536</field>
        </record>

        <record id="SYP" model="res.currency">
            <field name="name">SYP</field>
            <field name="symbol">£</field>
            <field name="rounding">0.01</field>
            <field name="accuracy">4</field>
        </record>
        <record forcecreate="0" id="rateSYP" model="res.currency.rate">
            <field name="currency_id" ref="SYP" />
            <field name="name">2010-01-01</field>
            <field name="rate">78.8338</field>
        </record>

        <record id="SZL" model="res.currency">
            <field name="name">SZL</field>
            <field name="symbol">E</field>
            <field name="rounding">0.01</field>
            <field name="accuracy">4</field>
        </record>
        <record forcecreate="0" id="rateSZL" model="res.currency.rate">
            <field name="currency_id" ref="SZL" />
            <field name="name">2010-01-01</field>
            <field name="rate">10.07</field>
        </record>

        <record id="SRG" model="res.currency">
            <field name="name">SRG</field>
            <field name="symbol">$</field>
            <field name="rounding">0.01</field>
            <field name="accuracy">4</field>
        </record>
        <record forcecreate="0" id="rateSRG" model="res.currency.rate">
            <field name="currency_id" ref="SRG" />
            <field name="name">2010-01-01</field>
            <field name="rate">3980.29</field>
        </record>

        <record id="SDD" model="res.currency">
            <field name="name">SDD</field>
            <field name="symbol">£Sd</field>
            <field name="rounding">0.01</field>
            <field name="accuracy">4</field>
        </record>
        <record forcecreate="0" id="rateSDD" model="res.currency.rate">
            <field name="currency_id" ref="SDD" />
            <field name="name">2010-01-01</field>
            <field name="rate">544.44</field>
        </record>

        <record id="LKR" model="res.currency">
            <field name="name">LKR</field>
            <field name="symbol">Rs</field>
            <field name="rounding">0.01</field>
            <field name="accuracy">4</field>
        </record>
        <record forcecreate="0" id="rateLKR" model="res.currency.rate">
            <field name="currency_id" ref="LKR" />
            <field name="name">2010-01-01</field>
            <field name="rate">163.552526</field>
        </record>

        <record id="SSP" model="res.currency">
            <field name="name">SSP</field>
            <field name="symbol">£</field>
            <field name="rounding">0.01</field>
            <field name="accuracy">4</field>
        </record>
        <record forcecreate="0" id="rateSSP" model="res.currency.rate">
            <field name="currency_id" ref="SSP" />
            <field name="name">2010-01-01</field>
            <field name="rate">5.528</field>
        </record>

        <record id="GBP" model="res.currency">
            <field name="name">GBP</field>
            <field name="symbol">£</field>
            <field name="rounding">0.01</field>
            <field name="accuracy">4</field>
            <field name="position">before</field>
        </record>
        <record forcecreate="0" id="rateGBP" model="res.currency.rate">
            <field name="currency_id" ref="GBP" />
            <field name="name">2010-01-01</field>
            <field name="rate"> 0.784221994</field>
        </record>

        <record id="SOD" model="res.currency">
            <field name="name">SOD</field>
            <field name="symbol">Sh.</field>
            <field name="rounding">0.01</field>
            <field name="accuracy">4</field>
        </record>
        <record forcecreate="0" id="rateSOD" model="res.currency.rate">
            <field name="currency_id" ref="SOD" />
            <field name="name">2010-01-01</field>
            <field name="rate">1993.71</field>
        </record>

        <record id="SBD" model="res.currency">
            <field name="name">SBD</field>
            <field name="symbol">SI$</field>
            <field name="rounding">0.01</field>
            <field name="accuracy">4</field>
        </record>
        <record forcecreate="0" id="rateSBD" model="res.currency.rate">
            <field name="currency_id" ref="SBD" />
            <field name="name">2010-01-01</field>
            <field name="rate">8.6605</field>
        </record>

        <record id="SLL" model="res.currency">
            <field name="name">SLL</field>
            <field name="symbol">Le</field>
            <field name="rounding">0.01</field>
            <field name="accuracy">4</field>
        </record>
        <record forcecreate="0" id="rateSLL" model="res.currency.rate">
            <field name="currency_id" ref="SLL" />
            <field name="name">2010-01-01</field>
            <field name="rate">5320.43478</field>
        </record>

        <record id="SCR" model="res.currency">
            <field name="name">SCR</field>
            <field name="symbol">SR</field>
            <field name="rounding">0.01</field>
            <field name="accuracy">4</field>
        </record>
        <record forcecreate="0" id="rateSCR" model="res.currency.rate">
            <field name="currency_id" ref="SCR" />
            <field name="name">2010-01-01</field>
            <field name="rate">18.2587287</field>
        </record>

        <record id="RSD" model="res.currency">
            <field name="name">RSD</field>
            <field name="symbol">din.</field>
            <field name="rounding">0.01</field>
            <field name="accuracy">4</field>
        </record>
        <record forcecreate="0" id="rateRSD" model="res.currency.rate">
            <field name="currency_id" ref="RSD" />
            <field name="name">2010-01-01</field>
            <field name="rate">117.381295</field>
        </record>

        <record id="SAR" model="res.currency">
            <field name="name">SAR</field>
            <field name="symbol">SR</field>
            <field name="rounding">0.01</field>
            <field name="accuracy">4</field>
        </record>
        <record forcecreate="0" id="rateSAR" model="res.currency.rate">
            <field name="currency_id" ref="SAR" />
            <field name="name">2010-01-01</field>
            <field name="rate">4.58898972</field>
        </record>

        <record id="STD" model="res.currency">
            <field name="name">STD</field>
            <field name="symbol">Db</field>
            <field name="rounding">0.01</field>
            <field name="accuracy">4</field>
        </record>
        <record forcecreate="0" id="rateSTD" model="res.currency.rate">
            <field name="currency_id" ref="STD" />
            <field name="name">2010-01-01</field>
            <field name="rate">24105.86</field>
        </record>

        <record id="ITL" model="res.currency">
            <field name="name">ITL</field>
            <field name="symbol">₤</field>
            <field name="rounding">0.01</field>
            <field name="accuracy">4</field>
        </record>
        <record forcecreate="0" id="rateITL" model="res.currency.rate">
            <field name="currency_id" ref="ITL" />
            <field name="name">2010-01-01</field>
            <field name="rate">1936.27</field>
        </record>

        <record id="WST" model="res.currency">
            <field name="name">WST</field>
            <field name="symbol">WS$</field>
            <field name="rounding">0.01</field>
            <field name="accuracy">4</field>
        </record>
        <record forcecreate="0" id="rateWST" model="res.currency.rate">
            <field name="currency_id" ref="WST" />
            <field name="name">2010-01-01</field>
            <field name="rate">2.8628</field>
        </record>

        <record id="SHP" model="res.currency">
            <field name="name">SHP</field>
            <field name="symbol">£</field>
            <field name="rounding">0.01</field>
            <field name="accuracy">4</field>
        </record>
        <record forcecreate="0" id="rateSHP" model="res.currency.rate">
            <field name="currency_id" ref="SHP" />
            <field name="name">2010-01-01</field>
            <field name="rate">0.7856</field>
        </record>

        <record id="RWF" model="res.currency">
            <field name="name">RWF</field>
            <field name="symbol">RF</field>
            <field name="rounding">0.01</field>
            <field name="accuracy">4</field>
        </record>
        <record forcecreate="0" id="rateRWF" model="res.currency.rate">
            <field name="currency_id" ref="RWF" />
            <field name="name">2010-01-01</field>
            <field name="rate">752.57</field>
        </record>

        <record id="RUR" model="res.currency">
            <field name="name">RUR</field>
            <field name="symbol">R</field>
            <field name="rounding">0.01</field>
            <field name="accuracy">4</field>
        </record>
        <record forcecreate="0" id="rateRUR" model="res.currency.rate">
            <field name="currency_id" ref="RUR" />
            <field name="name">2010-01-01</field>
            <field name="rate">39.6622695</field>
        </record>

        <record id="QAR" model="res.currency">
            <field name="name">QAR</field>
            <field name="symbol">QR</field>
            <field name="rounding">0.01</field>
            <field name="accuracy">4</field>
        </record>
        <record forcecreate="0" id="rateQAR" model="res.currency.rate">
            <field name="currency_id" ref="QAR" />
            <field name="name">2010-01-01</field>
            <field name="rate">4.45500218</field>
        </record>

        <record id="PLZ" model="res.currency">
            <field name="name">PLZ</field>
            <field name="symbol">zł</field>
            <field name="rounding">0.01</field>
            <field name="accuracy">4</field>
        </record>
        <record forcecreate="0" id="ratePLZ" model="res.currency.rate">
            <field name="currency_id" ref="PLZ" />
            <field name="name">2010-01-01</field>
            <field name="rate">4.17281888</field>
        </record>

        <record id="PEN" model="res.currency">
            <field name="name">PEN</field>
            <field name="symbol">S/.</field>
            <field name="rounding">0.01</field>
            <field name="accuracy">4</field>
        </record>
        <record forcecreate="0" id="ratePEN" model="res.currency.rate">
            <field name="currency_id" ref="PEN" />
            <field name="name">2010-01-01</field>
            <field name="rate">3.20731573</field>
        </record>

        <record id="PYG" model="res.currency">
            <field name="name">PYG</field>
            <field name="symbol">₲</field>
            <field name="rounding">0.01</field>
            <field name="accuracy">4</field>
        </record>
        <record forcecreate="0" id="ratePYG" model="res.currency.rate">
            <field name="currency_id" ref="PYG" />
            <field name="name">2010-01-01</field>
            <field name="rate">5343.66812</field>
        </record>

        <record id="PGK" model="res.currency">
            <field name="name">PGK</field>
            <field name="symbol">K</field>
            <field name="rounding">0.01</field>
            <field name="accuracy">4</field>
        </record>
        <record forcecreate="0" id="ratePGK" model="res.currency.rate">
            <field name="currency_id" ref="PGK" />
            <field name="name">2010-01-01</field>
            <field name="rate">2.5903895</field>
        </record>

        <record id="PKR" model="res.currency">
            <field name="name">PKR</field>
            <field name="symbol">Rs.</field>
            <field name="rounding">0.01</field>
            <field name="accuracy">4</field>
        </record>
        <record forcecreate="0" id="ratePKR" model="res.currency.rate">
            <field name="currency_id" ref="PKR" />
            <field name="name">2010-01-01</field>
            <field name="rate">115.97432</field>
        </record>

        <record id="OMR" model="res.currency">
            <field name="name">OMR</field>
            <field name="symbol">ر.ع.</field>
            <field name="rounding">0.01</field>
            <field name="accuracy">4</field>
        </record>
        <record forcecreate="0" id="rateOMR" model="res.currency.rate">
            <field name="currency_id" ref="OMR" />
            <field name="name">2010-01-01</field>
            <field name="rate">0.472921728</field>
        </record>

        <record id="CVE" model="res.currency">
            <field name="name">CVE</field>
            <field name="symbol">$</field>
            <field name="rounding">0.01</field>
            <field name="accuracy">4</field>
        </record>
        <record forcecreate="0" id="rateCVE" model="res.currency.rate">
            <field name="currency_id" ref="CVE" />
            <field name="name">2010-01-01</field>
            <field name="rate">0.61</field>
        </record>

        <record id="SKK" model="res.currency">
            <field name="name">SKK</field>
            <field name="symbol">Sk</field>
            <field name="rounding">0.01</field>
            <field name="accuracy">4</field>
        </record>
        <record forcecreate="0" id="rateSKK" model="res.currency.rate">
            <field name="currency_id" ref="SKK" />
            <field name="name">2010-01-01</field>
            <field name="rate">30.1263029</field>
        </record>

        <record id="SIT" model="res.currency">
            <field name="name">SIT</field>
            <field name="rounding">0.01</field>
            <field name="accuracy">4</field>
        </record>
        <record forcecreate="0" id="rateSIT" model="res.currency.rate">
            <field name="currency_id" ref="SIT" />
            <field name="name">2010-01-01</field>
            <field name="rate">239.64</field>
        </record>

        <record id="YUM" model="res.currency">
            <field name="name">YUM</field>
            <field name="symbol">дин.</field>
            <field name="rounding">0.01</field>
            <field name="accuracy">4</field>
        </record>
        <record forcecreate="0" id="rateYUM" model="res.currency.rate">
            <field name="currency_id" ref="YUM" />
            <field name="name">2010-01-01</field>
            <field name="rate">1.96</field>
        </record>

        <record id="GTQ" model="res.currency">
            <field name="name">GTQ</field>
            <field name="symbol">Q</field>
            <field name="rounding">0.01</field>
            <field name="accuracy">4</field>
            <field name="company_id" ref="base.main_company"/>
        </record>
        <record forcecreate="0" id="rateGTQ" model="res.currency.rate">
            <field name="rate">11.2020</field>
            <field name="currency_id" ref="GTQ"/>
            <field name="name">2010-01-01</field>
        </record>
    </data>
</openerp>
