<?xml version="1.0" encoding="utf-8"?>
<openerp>
    <data noupdate="True">

        <!--
        Resource: res.partner.title
        -->
        <record id="res_partner_title_pvt_ltd" model="res.partner.title">
            <field name="domain">partner</field>
            <field name="name">Corp.</field>
            <field name="shortcut">Corp.</field>
        </record>

        <record id="res_partner_title_ltd" model="res.partner.title">
            <field name="domain">partner</field>
            <field name="name">Ltd</field>
            <field name="shortcut">ltd</field>
        </record>

        <record id="res_partner_title_madam" model="res.partner.title">
            <field name="domain">contact</field>
            <field name="name">Madam</field>
            <field name="shortcut">Mrs.</field>
        </record>
        <record id="res_partner_title_miss" model="res.partner.title">
            <field name="domain">contact</field>
            <field name="name">Miss</field>
            <field name="shortcut">Miss</field>
        </record>
        <record id="res_partner_title_sir" model="res.partner.title">
            <field name="domain">contact</field>
            <field name="name">Sir</field>
            <field name="shortcut">Sir</field>
        </record>
        <record id="res_partner_title_mister" model="res.partner.title">
            <field name="domain">contact</field>
            <field name="name">Mister</field>
            <field name="shortcut">Mr.</field>
        </record>
        <record id="res_partner_title_doctor" model="res.partner.title">
            <field name="domain">contact</field>
            <field name="name">Doctor</field>
            <field name="shortcut">Dr.</field>
        </record>
        <record id="res_partner_title_prof" model="res.partner.title">
            <field name="domain">contact</field>
            <field name="name">Professor</field>
            <field name="shortcut">Prof.</field>
        </record>

        <!-- Default bank account description -->
        <record id="bank_normal" model="res.partner.bank.type">
            <field name="name">Normal Bank Account</field>
            <field name="code">bank</field>
        </record>

        <record id="bank_normal_field_bic" model="res.partner.bank.type.field">
            <field name="name">bank_bic</field>
            <field name="bank_type_id" ref="bank_normal"/>
            <field name="required" eval="0"/>
        </record>
        <!--
        Resource: res.request.link
        -->

        <record id="req_link_partner" model="res.request.link">
            <field name="name">Partner</field>
            <field name="object">res.partner</field>
        </record>
    </data>
</openerp>
