<?xml version="1.0" encoding="utf-8"?>
<openerp>
    <data>
        <record model="ir.ui.view" id="view_ir_config_search">
            <field name="model">ir.config_parameter</field>
            <field name="arch" type="xml">
                <search string="System Properties">
                    <field name="key" string="Key"/>
                    <field name="value"/>
                </search>
            </field>
        </record>
        <record model="ir.ui.view" id="view_ir_config_list">
            <field name="model">ir.config_parameter</field>
            <field name="arch" type="xml">
                <tree string="System Parameters">
                    <field name="key"/>
                    <field name="value"/>
                    <field name="group_ids"/>
                </tree>
            </field>
        </record>
        <record model="ir.ui.view" id="view_ir_config_form">
            <field name="model">ir.config_parameter</field>
            <field name="arch" type="xml">
                <form string="System Parameters">
                  <sheet>
                    <group>
                        <field name="key"/>
                        <field name="value"/>
                        <field name="group_ids" widget="many2many_tags"/>
                    </group>
                  </sheet>
                </form>
            </field>
        </record>
        <act_window name="System Parameters" res_model="ir.config_parameter" id="ir_config_list_action"/>
        <menuitem id="ir_config_menu" name="System Parameters" parent="menu_ir_property" action="ir_config_list_action"/>
    </data>
</openerp>
